[{"model": "auth.permission", "pk": 1, "fields": {"name": "Can add log entry", "content_type": 1, "codename": "add_logentry"}}, {"model": "auth.permission", "pk": 2, "fields": {"name": "Can change log entry", "content_type": 1, "codename": "change_logentry"}}, {"model": "auth.permission", "pk": 3, "fields": {"name": "Can delete log entry", "content_type": 1, "codename": "delete_logentry"}}, {"model": "auth.permission", "pk": 4, "fields": {"name": "Can view log entry", "content_type": 1, "codename": "view_logentry"}}, {"model": "auth.permission", "pk": 5, "fields": {"name": "Can add permission", "content_type": 2, "codename": "add_permission"}}, {"model": "auth.permission", "pk": 6, "fields": {"name": "Can change permission", "content_type": 2, "codename": "change_permission"}}, {"model": "auth.permission", "pk": 7, "fields": {"name": "Can delete permission", "content_type": 2, "codename": "delete_permission"}}, {"model": "auth.permission", "pk": 8, "fields": {"name": "Can view permission", "content_type": 2, "codename": "view_permission"}}, {"model": "auth.permission", "pk": 9, "fields": {"name": "Can add group", "content_type": 3, "codename": "add_group"}}, {"model": "auth.permission", "pk": 10, "fields": {"name": "Can change group", "content_type": 3, "codename": "change_group"}}, {"model": "auth.permission", "pk": 11, "fields": {"name": "Can delete group", "content_type": 3, "codename": "delete_group"}}, {"model": "auth.permission", "pk": 12, "fields": {"name": "Can view group", "content_type": 3, "codename": "view_group"}}, {"model": "auth.permission", "pk": 13, "fields": {"name": "Can add content type", "content_type": 4, "codename": "add_contenttype"}}, {"model": "auth.permission", "pk": 14, "fields": {"name": "Can change content type", "content_type": 4, "codename": "change_contenttype"}}, {"model": "auth.permission", "pk": 15, "fields": {"name": "Can delete content type", "content_type": 4, "codename": "delete_contenttype"}}, {"model": "auth.permission", "pk": 16, "fields": {"name": "Can view content type", "content_type": 4, "codename": "view_contenttype"}}, {"model": "auth.permission", "pk": 17, "fields": {"name": "Can add session", "content_type": 5, "codename": "add_session"}}, {"model": "auth.permission", "pk": 18, "fields": {"name": "Can change session", "content_type": 5, "codename": "change_session"}}, {"model": "auth.permission", "pk": 19, "fields": {"name": "Can delete session", "content_type": 5, "codename": "delete_session"}}, {"model": "auth.permission", "pk": 20, "fields": {"name": "Can view session", "content_type": 5, "codename": "view_session"}}, {"model": "auth.permission", "pk": 21, "fields": {"name": "Can add product category", "content_type": 6, "codename": "add_productcategory"}}, {"model": "auth.permission", "pk": 22, "fields": {"name": "Can change product category", "content_type": 6, "codename": "change_productcategory"}}, {"model": "auth.permission", "pk": 23, "fields": {"name": "Can delete product category", "content_type": 6, "codename": "delete_productcategory"}}, {"model": "auth.permission", "pk": 24, "fields": {"name": "Can view product category", "content_type": 6, "codename": "view_productcategory"}}, {"model": "auth.permission", "pk": 25, "fields": {"name": "Can add product", "content_type": 7, "codename": "add_product"}}, {"model": "auth.permission", "pk": 26, "fields": {"name": "Can change product", "content_type": 7, "codename": "change_product"}}, {"model": "auth.permission", "pk": 27, "fields": {"name": "Can delete product", "content_type": 7, "codename": "delete_product"}}, {"model": "auth.permission", "pk": 28, "fields": {"name": "Can view product", "content_type": 7, "codename": "view_product"}}, {"model": "auth.permission", "pk": 29, "fields": {"name": "Can add user", "content_type": 8, "codename": "add_shopuser"}}, {"model": "auth.permission", "pk": 30, "fields": {"name": "Can change user", "content_type": 8, "codename": "change_shopuser"}}, {"model": "auth.permission", "pk": 31, "fields": {"name": "Can delete user", "content_type": 8, "codename": "delete_shopuser"}}, {"model": "auth.permission", "pk": 32, "fields": {"name": "Can view user", "content_type": 8, "codename": "view_shopuser"}}, {"model": "auth.permission", "pk": 33, "fields": {"name": "Can add shop user profile", "content_type": 9, "codename": "add_shopuserprofile"}}, {"model": "auth.permission", "pk": 34, "fields": {"name": "Can change shop user profile", "content_type": 9, "codename": "change_shopuserprofile"}}, {"model": "auth.permission", "pk": 35, "fields": {"name": "Can delete shop user profile", "content_type": 9, "codename": "delete_shopuserprofile"}}, {"model": "auth.permission", "pk": 36, "fields": {"name": "Can view shop user profile", "content_type": 9, "codename": "view_shopuserprofile"}}, {"model": "auth.permission", "pk": 37, "fields": {"name": "Can add basket", "content_type": 10, "codename": "add_basket"}}, {"model": "auth.permission", "pk": 38, "fields": {"name": "Can change basket", "content_type": 10, "codename": "change_basket"}}, {"model": "auth.permission", "pk": 39, "fields": {"name": "Can delete basket", "content_type": 10, "codename": "delete_basket"}}, {"model": "auth.permission", "pk": 40, "fields": {"name": "Can view basket", "content_type": 10, "codename": "view_basket"}}, {"model": "auth.permission", "pk": 41, "fields": {"name": "Can add association", "content_type": 11, "codename": "add_association"}}, {"model": "auth.permission", "pk": 42, "fields": {"name": "Can change association", "content_type": 11, "codename": "change_association"}}, {"model": "auth.permission", "pk": 43, "fields": {"name": "Can delete association", "content_type": 11, "codename": "delete_association"}}, {"model": "auth.permission", "pk": 44, "fields": {"name": "Can view association", "content_type": 11, "codename": "view_association"}}, {"model": "auth.permission", "pk": 45, "fields": {"name": "Can add code", "content_type": 12, "codename": "add_code"}}, {"model": "auth.permission", "pk": 46, "fields": {"name": "Can change code", "content_type": 12, "codename": "change_code"}}, {"model": "auth.permission", "pk": 47, "fields": {"name": "Can delete code", "content_type": 12, "codename": "delete_code"}}, {"model": "auth.permission", "pk": 48, "fields": {"name": "Can view code", "content_type": 12, "codename": "view_code"}}, {"model": "auth.permission", "pk": 49, "fields": {"name": "Can add nonce", "content_type": 13, "codename": "add_nonce"}}, {"model": "auth.permission", "pk": 50, "fields": {"name": "Can change nonce", "content_type": 13, "codename": "change_nonce"}}, {"model": "auth.permission", "pk": 51, "fields": {"name": "Can delete nonce", "content_type": 13, "codename": "delete_nonce"}}, {"model": "auth.permission", "pk": 52, "fields": {"name": "Can view nonce", "content_type": 13, "codename": "view_nonce"}}, {"model": "auth.permission", "pk": 53, "fields": {"name": "Can add user social auth", "content_type": 14, "codename": "add_usersocialauth"}}, {"model": "auth.permission", "pk": 54, "fields": {"name": "Can change user social auth", "content_type": 14, "codename": "change_usersocialauth"}}, {"model": "auth.permission", "pk": 55, "fields": {"name": "Can delete user social auth", "content_type": 14, "codename": "delete_usersocialauth"}}, {"model": "auth.permission", "pk": 56, "fields": {"name": "Can view user social auth", "content_type": 14, "codename": "view_usersocialauth"}}, {"model": "auth.permission", "pk": 57, "fields": {"name": "Can add partial", "content_type": 15, "codename": "add_partial"}}, {"model": "auth.permission", "pk": 58, "fields": {"name": "Can change partial", "content_type": 15, "codename": "change_partial"}}, {"model": "auth.permission", "pk": 59, "fields": {"name": "Can delete partial", "content_type": 15, "codename": "delete_partial"}}, {"model": "auth.permission", "pk": 60, "fields": {"name": "Can view partial", "content_type": 15, "codename": "view_partial"}}, {"model": "auth.permission", "pk": 61, "fields": {"name": "Can add заказ", "content_type": 16, "codename": "add_order"}}, {"model": "auth.permission", "pk": 62, "fields": {"name": "Can change заказ", "content_type": 16, "codename": "change_order"}}, {"model": "auth.permission", "pk": 63, "fields": {"name": "Can delete заказ", "content_type": 16, "codename": "delete_order"}}, {"model": "auth.permission", "pk": 64, "fields": {"name": "Can view заказ", "content_type": 16, "codename": "view_order"}}, {"model": "auth.permission", "pk": 65, "fields": {"name": "Can add order item", "content_type": 17, "codename": "add_orderitem"}}, {"model": "auth.permission", "pk": 66, "fields": {"name": "Can change order item", "content_type": 17, "codename": "change_orderitem"}}, {"model": "auth.permission", "pk": 67, "fields": {"name": "Can delete order item", "content_type": 17, "codename": "delete_orderitem"}}, {"model": "auth.permission", "pk": 68, "fields": {"name": "Can view order item", "content_type": 17, "codename": "view_orderitem"}}, {"model": "auth.permission", "pk": 69, "fields": {"name": "Can add заказ", "content_type": 18, "codename": "add_order"}}, {"model": "auth.permission", "pk": 70, "fields": {"name": "Can change заказ", "content_type": 18, "codename": "change_order"}}, {"model": "auth.permission", "pk": 71, "fields": {"name": "Can delete заказ", "content_type": 18, "codename": "delete_order"}}, {"model": "auth.permission", "pk": 72, "fields": {"name": "Can view заказ", "content_type": 18, "codename": "view_order"}}, {"model": "auth.permission", "pk": 73, "fields": {"name": "Can add order item", "content_type": 19, "codename": "add_orderitem"}}, {"model": "auth.permission", "pk": 74, "fields": {"name": "Can change order item", "content_type": 19, "codename": "change_orderitem"}}, {"model": "auth.permission", "pk": 75, "fields": {"name": "Can delete order item", "content_type": 19, "codename": "delete_orderitem"}}, {"model": "auth.permission", "pk": 76, "fields": {"name": "Can view order item", "content_type": 19, "codename": "view_orderitem"}}, {"model": "sessions.session", "pk": "03nwfj1keergcshxkcxxozaxff07x22u", "fields": {"session_data": ".eJxVj8FqwzAQRP9F58aVbdmycwvtLZRAoSE3sbtaxa5dq0SyCYT8e-wSSnJ9y5uZvYiBz1Gsxat4EVO38jDGJjMhQuSZQqum8dx_bl38eqMPefj-2Vk8epv_yr18L2bJLIYZA59Ma2clfWYI1PGwHIKnFnpD_sTJnYZk6pL9drdZSp-9BkIzSwwytUWaO7RMaGuSJZUVSXROVSWSc5gxaq0zpVWl09pBoVTNOpcqR1wG3nv_onsI0fT-2A4Pw_7fFtcbBHFaFw:1mZztO:r21PNkHR3_OyWjL97S9S_-ESPcai35p9dj9VE6gAB4U", "expire_date": "2021-10-25T18:19:18.375Z"}}, {"model": "mainapp.productcategory", "pk": 1, "fields": {"name": "дом", "en_name": "home", "description": "Мегауют и комфорт", "is_active": true}}, {"model": "mainapp.productcategory", "pk": 2, "fields": {"name": "офис", "en_name": "office", "description": "Для продуктивной работы", "is_active": true}}, {"model": "mainapp.productcategory", "pk": 3, "fields": {"name": "модерн", "en_name": "modern", "description": "Артхаус и остальная хрень", "is_active": true}}, {"model": "mainapp.productcategory", "pk": 4, "fields": {"name": "классика", "en_name": "classic", "description": "Раритет да и только", "is_active": true}}, {"model": "mainapp.product", "pk": 1, "fields": {"category": 2, "name": "добрый", "image": "products_images/images.jpg", "short_desc": "посидеть ровно покончить италия локоть ненависть толпа", "description": "площадка реформа фронт кадр отдел красный раздражение торопливый пятый уголок никуда навсегда обмен тротуар долг прощать повышенный", "price": "1564.00", "quantity": 0, "is_active": true}}, {"model": "mainapp.product", "pk": 3, "fields": {"category": 3, "name": "хлопнуть", "image": "products_images/materials.jpg", "short_desc": "язык рисковать вспышка пенсия передо размышлять незаметно", "description": "влезть глубоко шкаф размышлять сообщить трудность писать поэтому спокойный спутник технология очередь достать плод удивительно довольно возможность", "price": "2503.00", "quantity": 30, "is_active": true}}, {"model": "mainapp.product", "pk": 4, "fields": {"category": 1, "name": "поймать", "image": "products_images/assurance.jpg", "short_desc": "правда полюбить открыться следующий везти незаметно курсант", "description": "славка недавно скучно анализ пройтись посадить сельский книга прибыть цветок вернуть костер раздаться пища фильм вернуться глядеть", "price": "5416.00", "quantity": 34, "is_active": true}}, {"model": "mainapp.product", "pk": 5, "fields": {"category": 2, "name": "убийца", "image": "products_images/cleaner.jpg", "short_desc": "лестница древний сено окончание основа телевизор обязанность", "description": "голод отстать чудовищный молния съесть любить внешний мешок колючий поинтересоваться жажда лучший высказать куст плыть кстати шестьдесят", "price": "8068.00", "quantity": 31, "is_active": true}}, {"model": "mainapp.product", "pk": 6, "fields": {"category": 2, "name": "мастер", "image": "products_images/june.jpg", "short_desc": "дядя рука охватить генерал бутылка суета способность", "description": "головной плоский слово первый договор шпион уметь симпатичный тяжесть супруг фабрика мутный сторона лента сначала жалость создание", "price": "6952.00", "quantity": 28, "is_active": true}}, {"model": "mainapp.product", "pk": 7, "fields": {"category": 4, "name": "встреча", "image": "products_images/available.jpg", "short_desc": "возможный велосипед махнуть громадный ступенька приехать хор", "description": "офицер лезть предстоять классический пожилой возможность удобный собрание светиться водитель столь естественный газ благородный девочка совместный башня", "price": "5218.00", "quantity": 98, "is_active": true}}, {"model": "mainapp.product", "pk": 8, "fields": {"category": 1, "name": "получение", "image": "products_images/tour.jpg", "short_desc": "приличный носок конфликт воспоминание воспаление порядок какой", "description": "пожар упереться братец разуметься интересоваться читатель чтоб мероприятие причем принести дыхание рев народный катастрофа аэропорт слышный многое", "price": "8859.00", "quantity": 26, "is_active": true}}, {"model": "mainapp.product", "pk": 9, "fields": {"category": 4, "name": "комитет", "image": "products_images/illustrated.jpg", "short_desc": "кулак минута утверждать экран ключ статья зависеть", "description": "колдун перерыв сообразить тюрьма сибирь колоть праздник частный одиннадцать уровень ученик ибо нос умирать заранее волк начаться", "price": "443.00", "quantity": 37, "is_active": true}}, {"model": "mainapp.product", "pk": 10, "fields": {"category": 4, "name": "срочно", "image": "products_images/depending.jpg", "short_desc": "воспринимать коснуться боцман волновать нечего приключение обладать", "description": "невысокий просыпаться убитый бред допустимый нелепый командир любой нету постучать проход смешно дно выехать менять простой калитка", "price": "7825.00", "quantity": 34, "is_active": true}}, {"model": "mainapp.product", "pk": 11, "fields": {"category": 3, "name": "издание", "image": "products_images/trust.jpg", "short_desc": "ага неизвестный постоянный выразить дом дон южный", "description": "примета музыкант стукнуть обстановка кусочек спустя проводиться хрен свидетель форма потрясти невеста положительный мысленно иностранный требование висеть", "price": "3545.00", "quantity": 69, "is_active": true}}, {"model": "mainapp.product", "pk": 12, "fields": {"category": 1, "name": "настаивать", "image": "products_images/battery.jpg", "short_desc": "четко экипаж договориться полотенце рота счесть вытянуть", "description": "угроза снизу отличие кругом нежный ловить видеться погода бюро влажный шесть тяжело патрон изо недоумение строго фотография", "price": "3893.00", "quantity": 19, "is_active": true}}, {"model": "mainapp.product", "pk": 13, "fields": {"category": 1, "name": "вино", "image": "products_images/anna.jpg", "short_desc": "накануне обычный старость проходить окраина нары подземный", "description": "выглядеть следить твердый абсолютно ткань лук полицейский влажный спорить любимый поклониться давно пенсия применение беспокоить вниз музыка", "price": "6959.00", "quantity": 4, "is_active": true}}, {"model": "mainapp.product", "pk": 14, "fields": {"category": 1, "name": "подумать", "image": "products_images/monster.jpg", "short_desc": "пулемет луг человечество термин поход существо убитый", "description": "исполнять приходиться орел подослать взор вспоминать шкура заплакать кивнуть помогать голый пахнуть сэр скорый сосед вкус карман", "price": "5277.00", "quantity": 53, "is_active": true}}, {"model": "mainapp.product", "pk": 15, "fields": {"category": 4, "name": "поглядывать", "image": "products_images/creates.jpg", "short_desc": "батарея мягко ранить почувствовать париж дело эпизод", "description": "лаборатория кусочек применяться пользоваться два яйцо уложить кроме свойство мелькать передать газета изображать сохраниться учить перо талант", "price": "9118.00", "quantity": 62, "is_active": true}}, {"model": "mainapp.product", "pk": 16, "fields": {"category": 4, "name": "мучить", "image": "products_images/coins.jpg", "short_desc": "профессия больной явление фантастический урок знание поражение", "description": "житель петля гораздо очередной дежурный первый вокруг прохожий лезть некогда начальство спасение температура закричать мощный разбираться марка", "price": "7674.00", "quantity": 81, "is_active": true}}, {"model": "mainapp.product", "pk": 17, "fields": {"category": 4, "name": "аккумулятор", "image": "products_images/packages.jpg", "short_desc": "спорить быстрый разделить сломать жест искусство письмо", "description": "сила мировой бедный готовый выбор сверкать зло готовый характеристика клясться золото библиотека дыхание социалистический красавица типичный достигнуть", "price": "2955.00", "quantity": 71, "is_active": true}}, {"model": "mainapp.product", "pk": 18, "fields": {"category": 2, "name": "яркий", "image": "products_images/columbus.jpg", "short_desc": "хранить явно кусочек осознать море погодить декабрь", "description": "поза отъезд доктор высокий институт вежливо пузырь простить аккуратно гараж говорить скучно компания неправильный принять камера шуметь", "price": "8484.00", "quantity": 90, "is_active": true}}, {"model": "mainapp.product", "pk": 19, "fields": {"category": 4, "name": "отчаянный", "image": "products_images/supplies.jpg", "short_desc": "всякий выходной немец спасать броситься обращать пытаться", "description": "напряженный коммунистический биться батальон помимо неподвижно старость крышка голод прочь партийный константин поступать исполнение обладать шпион замысел", "price": "1907.00", "quantity": 81, "is_active": true}}, {"model": "mainapp.product", "pk": 20, "fields": {"category": 1, "name": "сидя", "image": "products_images/americans.jpg", "short_desc": "почта приносить доказательство преподаватель середина расти достигнуть", "description": "обязанный сейчас снаряд окончить коротко пятьдесят ценность варить постоялый после лоб свернуть фильм заболевание самый господь подняться", "price": "941.00", "quantity": 73, "is_active": true}}, {"model": "mainapp.product", "pk": 22, "fields": {"category": 1, "name": "стальной", "image": "products_images/tone.jpg", "short_desc": "догадываться подобно удар приниматься муж глаз порядок", "description": "эпизод шеф давний поколение удаваться подготовка начинаться сидеть ломать широко рукопись внимание общий под мучиться дуб или", "price": "7690.00", "quantity": 8, "is_active": true}}, {"model": "authapp.shopuser", "pk": 1, "fields": {"password": "!CGnkeEY80R3cAgcwJM05fd3YFLwpjMRDcOVSgjPm", "last_login": "2021-10-11T18:19:18.364Z", "is_superuser": false, "is_staff": false, "is_active": true, "date_joined": "2021-10-08T19:40:25.772Z", "username": "valvandor", "avatar": "", "date_birthday": "2003-10-08", "first_name": "Виталий", "last_name": "Синцов", "email": "sincov1994@mail.ru", "activation_key": "", "activation_key_expires": "2021-10-10T19:40:10.314Z", "groups": [], "user_permissions": []}}, {"model": "authapp.shopuser", "pk": 2, "fields": {"password": "pbkdf2_sha256$260000$edeaqd4jDEF5TFtPQvow88$tFuNf7xLqRGjFJftoUmJpOsAx+Yy4G6scOZxbfuPTSo=", "last_login": null, "is_superuser": true, "is_staff": true, "is_active": true, "date_joined": "2021-10-08T19:51:26.894Z", "username": "val", "avatar": "", "date_birthday": "1994-02-23", "first_name": "", "last_name": "", "email": "", "activation_key": "", "activation_key_expires": "2021-10-10T19:51:26.750Z", "groups": [], "user_permissions": []}}, {"model": "authapp.shopuserprofile", "pk": 1, "fields": {"user": 1, "tagline": "", "aboutMe": "", "gender": "M"}}, {"model": "authapp.shopuserprofile", "pk": 2, "fields": {"user": 2, "tagline": "", "aboutMe": "", "gender": ""}}, {"model": "social_django.usersocialauth", "pk": 1, "fields": {"user": 1, "provider": "vk-oauth2", "uid": "151731320", "extra_data": "{\"auth_time\": 1633976358, \"id\": 151731320, \"expires\": 86400, \"access_token\": \"94ba1f44efd4d30fbdf9e0e268b48b55d3812480f04e2e62e8e3dba6745cf73df1205fdbe3d449d5c116e\", \"token_type\": null}", "created": "2021-10-08T19:40:26.041Z", "modified": "2021-10-11T18:19:18.333Z"}}, {"model": "ordersapp.order", "pk": 1, "fields": {"user": 1, "created": "2021-10-11T16:15:58.692Z", "updated": "2021-10-11T16:24:57.124Z", "status": "FM", "is_active": false}}, {"model": "ordersapp.order", "pk": 2, "fields": {"user": 1, "created": "2021-10-11T16:25:22.812Z", "updated": "2021-10-11T16:33:13.943Z", "status": "STP", "is_active": true}}, {"model": "ordersapp.order", "pk": 3, "fields": {"user": 1, "created": "2021-10-11T16:35:37.045Z", "updated": "2021-10-11T16:36:21.814Z", "status": "FM", "is_active": false}}, {"model": "ordersapp.order", "pk": 4, "fields": {"user": 1, "created": "2021-10-11T16:36:34.433Z", "updated": "2021-10-11T16:36:38.194Z", "status": "STP", "is_active": true}}, {"model": "ordersapp.order", "pk": 5, "fields": {"user": 1, "created": "2021-10-11T16:41:50.209Z", "updated": "2021-10-12T13:59:05.223Z", "status": "FM", "is_active": false}}, {"model": "ordersapp.order", "pk": 6, "fields": {"user": 1, "created": "2021-10-12T13:18:47.180Z", "updated": "2021-10-12T13:58:41.681Z", "status": "STP", "is_active": true}}, {"model": "ordersapp.order", "pk": 7, "fields": {"user": 1, "created": "2021-10-12T13:19:12.842Z", "updated": "2021-10-12T13:58:22.791Z", "status": "STP", "is_active": true}}, {"model": "ordersapp.order", "pk": 8, "fields": {"user": 1, "created": "2021-10-12T13:19:45.336Z", "updated": "2021-10-12T13:19:56.131Z", "status": "FM", "is_active": false}}, {"model": "ordersapp.order", "pk": 9, "fields": {"user": 1, "created": "2021-10-12T13:57:36.282Z", "updated": "2021-10-12T13:57:41.322Z", "status": "STP", "is_active": true}}, {"model": "ordersapp.order", "pk": 10, "fields": {"user": 1, "created": "2021-10-12T13:59:26.642Z", "updated": "2021-10-12T14:00:02.001Z", "status": "STP", "is_active": true}}, {"model": "ordersapp.order", "pk": 11, "fields": {"user": 1, "created": "2021-10-12T14:00:12.546Z", "updated": "2021-10-12T14:00:21.526Z", "status": "FM", "is_active": false}}, {"model": "ordersapp.order", "pk": 12, "fields": {"user": 1, "created": "2021-10-12T14:03:01.508Z", "updated": "2021-10-12T14:03:14.196Z", "status": "STP", "is_active": true}}, {"model": "ordersapp.order", "pk": 13, "fields": {"user": 1, "created": "2021-10-12T14:21:36.706Z", "updated": "2021-10-12T14:32:07.077Z", "status": "FM", "is_active": true}}, {"model": "ordersapp.order", "pk": 14, "fields": {"user": 1, "created": "2021-10-15T13:03:04.190Z", "updated": "2021-10-19T10:20:36.616Z", "status": "FM", "is_active": false}}, {"model": "ordersapp.order", "pk": 15, "fields": {"user": 1, "created": "2021-10-15T14:09:48.276Z", "updated": "2021-10-15T14:09:49.281Z", "status": "FM", "is_active": false}}, {"model": "ordersapp.order", "pk": 16, "fields": {"user": 1, "created": "2021-10-15T14:10:00.118Z", "updated": "2021-10-15T14:10:00.168Z", "status": "FM", "is_active": false}}, {"model": "ordersapp.order", "pk": 17, "fields": {"user": 1, "created": "2021-10-15T14:10:14.840Z", "updated": "2021-10-15T14:10:14.874Z", "status": "FM", "is_active": false}}, {"model": "ordersapp.order", "pk": 18, "fields": {"user": 1, "created": "2021-10-15T14:10:36.137Z", "updated": "2021-10-19T10:18:45.609Z", "status": "FM", "is_active": false}}, {"model": "ordersapp.order", "pk": 19, "fields": {"user": 1, "created": "2021-10-15T14:10:46.048Z", "updated": "2021-10-15T14:10:46.080Z", "status": "FM", "is_active": false}}, {"model": "ordersapp.order", "pk": 20, "fields": {"user": 1, "created": "2021-10-15T14:11:03.444Z", "updated": "2021-10-19T10:19:50.923Z", "status": "FM", "is_active": false}}, {"model": "ordersapp.order", "pk": 21, "fields": {"user": 1, "created": "2021-10-15T14:44:26.730Z", "updated": "2021-10-19T10:18:48.836Z", "status": "FM", "is_active": false}}, {"model": "ordersapp.order", "pk": 22, "fields": {"user": 1, "created": "2021-10-19T10:21:51.416Z", "updated": "2021-10-19T10:22:35.345Z", "status": "FM", "is_active": false}}, {"model": "ordersapp.orderitem", "pk": 1, "fields": {"order": 1, "product": 6, "quantity": 1}}, {"model": "ordersapp.orderitem", "pk": 2, "fields": {"order": 2, "product": 1, "quantity": 1}}, {"model": "ordersapp.orderitem", "pk": 4, "fields": {"order": 2, "product": 5, "quantity": 2}}, {"model": "ordersapp.orderitem", "pk": 5, "fields": {"order": 3, "product": 3, "quantity": 2}}, {"model": "ordersapp.orderitem", "pk": 6, "fields": {"order": 3, "product": 12, "quantity": 1}}, {"model": "ordersapp.orderitem", "pk": 7, "fields": {"order": 4, "product": 1, "quantity": 1}}, {"model": "ordersapp.orderitem", "pk": 8, "fields": {"order": 5, "product": 4, "quantity": 1}}, {"model": "ordersapp.orderitem", "pk": 9, "fields": {"order": 5, "product": 10, "quantity": 3}}, {"model": "ordersapp.orderitem", "pk": 10, "fields": {"order": 6, "product": 1, "quantity": 1}}, {"model": "ordersapp.orderitem", "pk": 11, "fields": {"order": 7, "product": 6, "quantity": 1}}, {"model": "ordersapp.orderitem", "pk": 12, "fields": {"order": 7, "product": 7, "quantity": 1}}, {"model": "ordersapp.orderitem", "pk": 13, "fields": {"order": 8, "product": 11, "quantity": 2}}, {"model": "ordersapp.orderitem", "pk": 14, "fields": {"order": 8, "product": 20, "quantity": 1}}, {"model": "ordersapp.orderitem", "pk": 15, "fields": {"order": 9, "product": 8, "quantity": 3}}, {"model": "ordersapp.orderitem", "pk": 16, "fields": {"order": 10, "product": 1, "quantity": 10}}, {"model": "ordersapp.orderitem", "pk": 17, "fields": {"order": 11, "product": 1, "quantity": 10}}, {"model": "ordersapp.orderitem", "pk": 18, "fields": {"order": 12, "product": 1, "quantity": 44}}, {"model": "ordersapp.orderitem", "pk": 19, "fields": {"order": 13, "product": 6, "quantity": 9}}, {"model": "ordersapp.orderitem", "pk": 20, "fields": {"order": 14, "product": 6, "quantity": 0}}, {"model": "ordersapp.orderitem", "pk": 21, "fields": {"order": 14, "product": 8, "quantity": 0}}, {"model": "ordersapp.orderitem", "pk": 22, "fields": {"order": 15, "product": 1, "quantity": 0}}, {"model": "ordersapp.orderitem", "pk": 23, "fields": {"order": 16, "product": 1, "quantity": 0}}, {"model": "ordersapp.orderitem", "pk": 24, "fields": {"order": 17, "product": 2, "quantity": 0}}, {"model": "ordersapp.orderitem", "pk": 25, "fields": {"order": 18, "product": 2, "quantity": 1}}, {"model": "ordersapp.orderitem", "pk": 26, "fields": {"order": 19, "product": 6, "quantity": 0}}, {"model": "ordersapp.orderitem", "pk": 28, "fields": {"order": 21, "product": 3, "quantity": 1}}, {"model": "ordersapp.orderitem", "pk": 31, "fields": {"order": 21, "product": 2, "quantity": 3}}, {"model": "ordersapp.orderitem", "pk": 32, "fields": {"order": 21, "product": 7, "quantity": 2}}, {"model": "ordersapp.orderitem", "pk": 33, "fields": {"order": 21, "product": 9, "quantity": 2}}]